,label,name
0,Y,1a4e
1,H,1apx
2,H,1bgp
3,Y,1dgh
4,C,1dz9
5,H,1ebe
6,H,1gvh
7,Y,1gwf
8,Y,1gwh
9,H,1hch
10,H,1iyn
11,C,1jio
12,H,1lga
13,H,1ly9
14,Y,1m7s
15,C,1mjt
16,Y,1mqf
17,C,1n6b
18,H,1p3v
19,H,1pa2
20,H,1qgj
21,H,1qpa
22,Y,1si8
23,H,1sj2
24,Y,1sy7
25,Y,1u5u
26,C,1ued
27,C,1ulw
28,H,1v8x
29,H,1wox
30,Y,2a9e
31,C,2d09
32,H,2e39
33,C,2hi4
34,Y,2iqf
35,Y,2j2m
36,C,2nnj
37,C,2ve3
38,H,2vxh
39,C,2w0a
40,C,2wh8
41,C,2wm4
42,C,2x5l
43,C,2xkr
44,C,2yp1
45,C,2z3t
46,H,2zdo
47,C,2zqx
48,C,3aba
49,C,3abb
50,H,3atj
51,C,3b4x
52,H,3bk9
53,C,3cv8
54,C,3czh
55,H,3czy
56,C,3e65
57,H,3gas
58,Y,3hb6
59,H,3hdl
60,H,3lgm
61,H,3m8m
62,C,3mdr
63,C,3mgx
64,C,3mvr
65,C,3n9y
66,H,3nn1
67,H,3ozv
68,H,3qpi
69,C,3r9b
70,Y,3re8
71,H,3riv
72,H,3rke
73,C,3rqo
74,C,3rwl
75,H,3s4f
76,C,3t3q
77,C,3t3z
78,H,3ut2
79,H,3uw8
80,C,3v8d
81,C,3vm4
82,H,3vxi
83,C,3wrh
84,C,3wsp
85,H,3wxo
86,Y,3zj5
87,C,3zkp
88,H,4a5g
89,H,4au9
90,Y,4aul
91,Y,4b2y
92,Y,4b7f
93,H,4ccp
94,C,4coh
95,H,4cuo
96,C,4d1o
97,C,4d3t
98,C,4d6z
99,C,4dnj
100,C,4e2p
101,C,4eji
102,C,4ep6
103,H,4g2c
104,C,4g3j
105,H,4g7t
106,C,4ggv
107,C,4gqe
108,H,4grc
109,H,4gs1
110,H,4gt2
111,H,4hov
112,H,4hsw
113,C,4i91
114,C,4ict
115,H,4jm5
116,C,4l0f
117,C,4lht
118,C,4lxj
119,H,4nl5
120,C,4nos
121,C,4nz2
122,H,4o1z
123,H,4ph9
124,C,4rm4
125,C,4tt5
126,C,4tvf
127,H,4u72
128,C,4ubs
129,C,4uhi
130,C,4wnu
131,H,4xmc
132,H,4y55
133,C,4yt3
134,C,4yzr
135,H,5a12
136,H,5a13
137,H,5aog
138,C,5dqn
139,C,5edt
140,C,5esn
141,H,5fiw
142,C,5foi
143,C,5fuk
144,H,5fw4
145,C,5gnl
146,H,5gt2
147,C,5hdi
148,C,5hiw
149,H,5hwz
150,C,5it1
151,C,5jlc
152,H,5jqr
153,H,5kq3
154,H,5kzl
155,C,5l1s
156,C,5l92
157,C,5lie
158,H,5o1l
159,C,5o4k
160,H,5sx0
161,H,5tia
162,C,5tz1
163,C,5uo7
164,C,5wp2
165,Y,5yem
166,C,5ylw
167,C,6a17
168,C,6b11
169,C,6cr2
170,H,6fiy
171,C,6fyj
172,C,6g5o
173,C,6gk5
174,C,6h1l
175,C,6h1t
176,H,6iss
177,C,6j95
178,C,6l8h
179,C,6mcw
180,C,6mjm
181,H,6mq0
182,Y,6nsw
183,Y,6rjn
184,Y,6rjr
185,H,6tb8
186,C,6u30
187,H,6wk3
